Local_time,Unit,RunNumber,MWSEL,running_avg,running_std,rolling5_avg,rolling5_std,rolling5_min,rolling5_max,zscore,zscore5,zscore_norm,next_state,max_mwsel,min_mwsel,cycle_group,max_group,partial_drop,cycle_type
2026-01-05 14:45:00+00:00,U1,1,1.06,1.06,,1.06,,1.06,1.06,,,0,1.0,,,0,,,
2026-01-05 14:46:00+00:00,U1,1,2.99,2.0250000000000004,1.3647160876900366,2.0250000000000004,1.3647160876900366,1.06,2.99,0.7071067811865475,0.7071067811865475,1,1.0,,,0,,,
2026-01-05 14:47:00+00:00,U1,1,4.59,2.8800000000000003,1.76756895197896,2.8800000000000003,1.76756895197896,1.06,4.59,0.9674304349403137,0.9674304349403137,1,1.0,,,0,,,
2026-01-05 14:48:00+00:00,U1,1,5.98,3.6550000000000002,2.117868425248997,3.6550000000000002,2.117868425248997,1.06,5.98,1.0978019088823474,1.0978019088823474,1,1.0,,,0,,,
2026-01-05 14:49:00+00:00,U1,1,6.72,4.268,2.289731425298609,4.268,2.289731425298609,1.06,6.72,1.070867951109257,1.070867951109257,1,1.0,,,0,,,
2026-01-05 14:50:00+00:00,U1,1,7.45,4.798333333333333,2.425245692021051,4.798333333333333,2.425245692021051,1.06,7.45,1.093360015189608,1.093360015189608,1,1.0,,,0,,,
2026-01-05 14:51:00+00:00,U1,1,8.04,5.261428571428572,2.5303585290852135,5.961666666666667,1.8879768713272598,2.99,8.04,0.8213592301027398,1.1008256323989025,1,1.0,,,0,,,
2026-01-05 14:52:00+00:00,U1,1,9.84,5.83375,2.847534961531264,7.103333333333333,1.800696161673776,4.59,9.84,0.9610651681674254,1.5197825845993316,1,1.0,,,0,,,
2026-01-05 14:53:00+00:00,U1,1,11.24,6.434444444444444,3.2159606306324364,8.211666666666668,1.9817811853649918,5.98,11.24,0.9416574644876153,1.5280866301975682,1,1.0,,,0,,,
2026-01-05 14:54:00+00:00,U1,1,12.8,7.071000000000001,3.639406087078861,9.348333333333334,2.36464303155184,6.72,12.8,0.9484148193633203,1.4596988300603866,1,1.0,,,0,,,
2026-01-05 14:55:00+00:00,U1,1,13.33,7.640000000000001,3.9347325194986253,10.450000000000001,2.4339761707954355,7.45,13.33,0.7319430191831634,1.1832490533622606,1,1.0,,,0,,,
2026-01-05 14:56:00+00:00,U1,1,15.29,8.2775,4.353335450600441,11.756666666666666,2.6000974340717846,8.04,15.29,0.8116381963733101,1.3589234338038207,1,1.0,,,0,,,
2026-01-05 14:57:00+00:00,U1,1,17.04,8.951538461538462,4.824779521998641,13.256666666666666,2.62307199037058,9.84,17.04,0.7841463669133851,1.4423292030192563,1,1.0,,,0,,,
2026-01-05 14:58:00+00:00,U1,1,17.85,9.587142857142856,5.209965936063791,14.591666666666667,2.574268180797541,11.24,17.85,0.6254039610468269,1.2657318913540165,1,1.0,,,0,,,
2026-01-05 14:59:00+00:00,U1,1,18.63,10.19,5.5368273535353385,15.823333333333332,2.4127467058658847,12.8,18.63,0.5069088283698375,1.163266189460784,1,1.0,,,0,,,
2026-01-05 15:00:00+00:00,U1,1,17.85,10.66875,5.681541897525118,16.665000000000003,1.9911378656436654,13.33,18.63,0.20857014193914244,0.595137092436806,1,-1.0,18.63,,1,18.63,,
2026-01-05 15:01:00+00:00,U1,1,16.9,11.035294117647059,5.704949734273583,17.26,1.1516944039110426,15.29,18.63,-0.06310309762016547,-0.31258292024123574,-1,-1.0,,,1,18.63,,
2026-01-05 15:02:00+00:00,U1,1,15.61,11.289444444444445,5.6386715918079,17.313333333333333,1.0446562433004831,15.61,18.63,-0.30208060632720796,-1.6305204168902758,-1,-1.0,,,1,18.63,,
2026-01-05 15:03:00+00:00,U1,1,14.46,11.456315789473683,5.527867994209296,16.883333333333336,1.575686093949769,14.46,18.63,-0.43838480511327194,-1.5379543823089605,-1,-1.0,,,1,18.63,,
2026-01-05 15:04:00+00:00,U1,1,13.52,11.5595,5.400183695705954,16.161666666666665,1.9832641444514358,13.52,18.63,-0.48918089004402404,-1.3319792394055214,-1,-1.0,,,1,18.63,,
2026-01-05 15:05:00+00:00,U1,1,12.11,11.585714285714285,5.264818678196402,15.075000000000001,2.140324741715618,12.11,17.85,-0.5631722916269052,-1.3853038009658991,-1,-1.0,,,1,18.63,,
2026-01-05 15:06:00+00:00,U1,1,11.4,11.577272727272726,5.138089492833268,14.0,2.086921177236944,11.4,16.9,-0.5060246622069434,-1.245854433008517,-1,-1.0,,,1,18.63,,
2026-01-05 15:07:00+00:00,U1,1,10.46,11.528695652173914,5.025359602101603,12.926666666666668,1.9486166033026378,10.46,15.61,-0.49084381257713533,-1.2658553060083781,-1,-1.0,,,1,18.63,,
2026-01-05 15:08:00+00:00,U1,1,9.41,11.440416666666666,4.933889443049153,11.893333333333333,1.8839072871738467,9.41,14.46,-0.5033216414753363,-1.318182349121181,-1,-1.0,,,1,18.63,,
2026-01-05 15:09:00+00:00,U1,1,8.23,11.312000000000001,4.8724976483661155,10.854999999999999,1.903100102464415,8.23,13.52,-0.5387380742770054,-1.3793283898207775,-1,-1.0,,,1,18.63,,
2026-01-05 15:10:00+00:00,U1,1,6.55,11.128846153846155,4.864541357146079,9.693333333333333,2.070890307734031,6.55,12.11,-0.6461725993378046,-1.51786568394961,-1,-1.0,,,1,18.63,,
2026-01-05 15:11:00+00:00,U1,1,5.75,10.92962962962963,4.881103659468105,8.633333333333335,2.209567076752087,5.75,11.4,-0.5907133989544348,-1.3049313431894713,-1,-1.0,,,1,18.63,,
2026-01-05 15:12:00+00:00,U1,1,4.48,10.699285714285713,4.942508681175184,7.48,2.2814732082582316,4.48,10.46,-0.6069792070221893,-1.3149398332362274,-1,-1.0,,,1,18.63,,
2026-01-05 15:13:00+00:00,U1,1,3.09,10.43689655172414,5.054952383164366,6.251666666666668,2.3394222933593647,3.09,9.41,-0.6254592381911788,-1.3514732571546868,-1,-1.0,,,1,18.63,,
2026-01-05 15:14:00+00:00,U1,1,2.52,10.173,5.1730709548051115,5.103333333333333,2.1634571099670086,2.52,8.23,-0.4993809974583378,-1.1940765182873105,-1,-1.0,,,1,18.63,,
2026-01-05 15:15:00+00:00,U1,1,3.93,9.971612903225807,5.208253127984592,4.386666666666667,1.5441329821834673,2.52,6.55,-0.08768135024254865,-0.29574309462707105,-1,1.0,,2.52,1,18.63,,
2026-01-05 15:16:00+00:00,U1,1,4.69,9.8065625,5.207936628978084,4.076666666666667,1.1625087813289032,2.52,5.75,0.11776897013696637,0.5275945809477767,1,1.0,,,1,18.63,,
2026-01-05 15:17:00+00:00,U1,1,5.28,9.669393939393938,5.186128095333947,3.9983333333333335,1.0361740523033824,2.52,5.28,0.24713363092974994,1.2369221790659222,1,1.0,,,1,18.63,,
2026-01-05 15:18:00+00:00,U1,1,7.21,9.597058823529412,5.124333824796164,4.453333333333334,1.6857599670969787,2.52,7.21,0.5379561053043458,1.635266420173614,1,1.0,,,1,18.63,,
2026-01-05 15:19:00+00:00,U1,1,9.15,9.584285714285715,5.048979096408142,5.463333333333334,2.3785850135462456,2.52,9.15,0.7301806159762816,1.5499410976150878,1,1.0,,,1,18.63,,
2026-01-05 15:20:00+00:00,U1,1,10.87,9.62,4.98093967038349,6.855,2.7289833271751793,3.93,10.87,0.8060728026627308,1.47124387313718,1,1.0,,,1,18.63,,
2026-01-05 15:21:00+00:00,U1,1,11.82,9.679459459459459,4.924572144949326,8.17,2.931109005137833,4.69,11.82,0.741181140729853,1.2452624564975405,1,1.0,,,1,18.63,,
2026-01-05 15:22:00+00:00,U1,1,12.47,9.752894736842105,4.878615725185331,9.466666666666667,2.8017327971572783,5.28,12.47,0.6156117846767367,1.071955661289544,1,1.0,,,1,18.63,,
2026-01-05 15:23:00+00:00,U1,1,14.0,9.861794871794872,4.861796219827698,10.92,2.4330392516357118,7.21,14.0,0.6335107151219009,1.2659064164005336,1,1.0,,,1,18.63,,
2026-01-05 15:24:00+00:00,U1,1,15.16,9.99425,4.871627900141378,12.245,2.1576908953786798,9.15,15.16,0.5983626130221082,1.3509812764392333,1,1.0,,,1,18.63,,
2026-01-05 15:25:00+00:00,U1,1,15.84,10.136829268292683,4.896215088731493,13.36,1.9577435991467411,10.87,15.84,0.5065136957948709,1.266764453261846,1,1.0,,,1,18.63,,
2026-01-05 15:26:00+00:00,U1,1,17.08,10.302142857142858,4.953384423541823,14.395000000000001,2.0186505393455354,11.82,17.08,0.5420536284724978,1.330096491525719,1,1.0,,,1,18.63,,
2026-01-05 15:27:00+00:00,U1,1,17.63,10.472558139534884,5.020020438690727,15.363333333333332,1.9278658321228366,12.47,17.63,0.4515253860715032,1.1757388034471081,1,1.0,,,1,18.63,,
2026-01-05 15:28:00+00:00,U1,1,19.5,10.677727272727273,5.144579384183815,16.535,1.95382445475534,14.0,19.5,0.5763347746397728,1.5175365385480757,1,1.0,,,1,18.63,,
2026-01-05 15:29:00+00:00,U1,1,20.39,10.893555555555555,5.287850635507241,17.599999999999998,2.0355146769306263,15.16,20.39,0.5276245855481448,1.370660713784227,1,1.0,,,1,18.63,,
2026-01-05 15:30:00+00:00,U1,1,18.89,11.067391304347826,5.360043712418193,18.221666666666668,1.6797787552730425,15.84,20.39,0.12468803785777584,0.39786985710787703,1,-1.0,20.39,,2,20.39,,
2026-01-05 15:31:00+00:00,U1,1,17.93,11.213404255319148,5.395139630943095,18.57,1.2484390253432411,17.08,20.39,-0.1186252893862778,-0.5126401746565407,-1,-1.0,,,2,20.39,,
2026-01-05 15:32:00+00:00,U1,1,16.65,11.326666666666666,5.394810876867058,18.49833333333333,1.3585641930606922,16.65,20.39,-0.34261318432106375,-1.3605049675048815,-1,-1.0,,,2,20.39,,
2026-01-05 15:33:00+00:00,U1,1,15.33,11.408367346938775,5.368866402284398,18.115,1.8778258705215425,15.33,20.39,-0.5187314772472283,-1.483098110277126,-1,-1.0,,,2,20.39,,
2026-01-05 15:34:00+00:00,U1,1,14.55,11.4712,5.332341309100036,17.290000000000003,2.2062819402787124,14.55,20.39,-0.5138455776122186,-1.241908366277914,-1,-1.0,,,2,20.39,,
2026-01-05 15:35:00+00:00,U1,1,12.59,11.49313725490196,5.281072803965526,15.99,2.3099090891201803,12.59,18.89,-0.6438085832573565,-1.471919399778207,-1,-1.0,,,2,20.39,,
2026-01-05 15:36:00+00:00,U1,1,10.93,11.482307692307693,5.229624368989036,14.663333333333334,2.5811521975014786,10.93,17.93,-0.7138817379449842,-1.4463824864520394,-1,-1.0,,,2,20.39,,
2026-01-05 15:37:00+00:00,U1,1,9.02,11.435849056603773,5.190127623287187,13.178333333333333,2.8725070350943858,9.02,16.65,-0.801200593734078,-1.4476320797580562,-1,-1.0,,,2,20.39,,
2026-01-05 15:38:00+00:00,U1,1,7.18,11.357037037037037,5.173449865228842,11.600000000000001,3.1697697077232756,7.18,15.33,-0.8543621983673148,-1.3944230677801255,-1,-1.0,,,2,20.39,,
2026-01-05 15:39:00+00:00,U1,1,5.78,11.255636363636363,5.180198681888405,10.008333333333333,3.3165127267457897,5.78,14.55,-0.8162492585693496,-1.2749335466842109,-1,-1.0,,,2,20.39,,
2026-01-05 15:40:00+00:00,U1,1,3.9,11.124285714285715,5.226157934204317,8.233333333333333,3.2489239244197177,3.9,12.59,-0.8291623383542239,-1.333774946456248,-1,-1.0,,,2,20.39,,
2026-01-05 15:41:00+00:00,U1,1,3.27,10.986491228070175,5.282733833384562,6.68,2.964948566164375,3.27,10.93,-0.6454991123062637,-1.1501042678832598,-1,-1.0,,,2,20.39,,
2026-01-05 15:42:00+00:00,U1,1,2.47,10.839655172413794,5.354269640929544,5.27,2.517443147322341,2.47,9.02,-0.5229471408380354,-1.1122396162067048,-1,-1.0,,,2,20.39,,
2026-01-05 15:43:00+00:00,U1,1,1.91,10.688305084745762,5.433730588851003,4.085,2.0243196387923135,1.91,7.18,-0.40027748237328736,-1.07443506367284,-1,-1.0,,,2,20.39,,
2026-01-05 15:44:00+00:00,U1,1,0.92,10.5255,5.533111860825405,3.0416666666666665,1.6968372540308436,0.92,5.78,-0.3834490825475858,-1.2503654440793535,-1,-1.0,,,2,20.39,,
2026-01-05 15:45:00+00:00,U1,1,2.0,10.385737704918032,5.594337750206718,2.4116666666666666,1.0584406769710564,0.92,3.9,-0.07358630905891497,-0.3889369292237848,-1,1.0,,0.92,2,20.39,,
2026-01-05 15:46:00+00:00,U1,1,2.91,10.26516129032258,5.628938909976504,2.2466666666666666,0.8332266598392972,0.92,3.27,0.11784340600280248,0.796101907566507,1,1.0,,,2,20.39,,
2026-01-05 15:47:00+00:00,U1,1,4.65,10.176031746031747,5.627999856616264,2.476666666666667,1.2556060953447732,0.92,4.65,0.3861644258534171,1.7309037773797715,1,1.0,,,2,20.39,,
2026-01-05 15:48:00+00:00,U1,1,5.69,10.1059375,5.611244017560024,3.0133333333333336,1.815496259061675,0.92,5.69,0.4770184041703074,1.47434435808206,1,1.0,,,2,20.39,,
2026-01-05 15:49:00+00:00,U1,1,6.61,10.052153846153846,5.58409473759727,3.796666666666667,2.214368231949447,0.92,6.61,0.5038118917272986,1.2704902882645583,1,1.0,,,2,20.39,,
2026-01-05 15:50:00+00:00,U1,1,7.92,10.019848484848485,5.547185701548055,4.963333333333334,2.2395148284096926,2.0,7.92,0.533003008325744,1.3202264299210877,1,1.0,,,2,20.39,,
2026-01-05 15:51:00+00:00,U1,1,8.63,9.999104477611942,5.507619166469158,6.0683333333333325,2.117266319258603,2.91,8.63,0.46511325297549755,1.2098934571271505,1,1.0,,,2,20.39,,
2026-01-05 15:52:00+00:00,U1,1,10.34,10.004117647058823,5.4665193256944935,7.3066666666666675,2.0729367251961284,4.65,10.34,0.5548930045990395,1.4633024233030254,1,1.0,,,2,20.39,,
2026-01-05 15:53:00+00:00,U1,1,10.95,10.017826086956521,5.4273701435586466,8.356666666666667,2.0535984677309314,5.69,10.95,0.4778250358345601,1.2628239522396831,1,1.0,,,2,20.39,,
2026-01-05 15:54:00+00:00,U1,1,12.93,10.05942857142857,5.399129260370262,9.563333333333333,2.28710880079344,6.61,12.93,0.623557337546645,1.472018587615381,1,1.0,,,2,20.39,,
2026-01-05 15:55:00+00:00,U1,1,14.59,10.123239436619718,5.387323951289435,10.893333333333333,2.533224559068299,7.92,14.59,0.6861786482659696,1.459273183434742,1,1.0,,,2,20.39,,
2026-01-05 15:56:00+00:00,U1,1,15.38,10.19625,5.385005116583808,12.136666666666665,2.611525735401961,8.63,15.38,0.6022897403282085,1.2419304506046265,1,1.0,,,2,20.39,,
2026-01-05 15:57:00+00:00,U1,1,15.89,10.274246575342465,5.3888421034702745,13.346666666666666,2.3283699591488314,10.34,15.89,0.47196286038804036,1.0923235473554582,1,1.0,,,2,20.39,,
2026-01-05 15:58:00+00:00,U1,1,17.62,10.373513513513513,5.419502436958436,14.56,2.3449861406840005,10.95,17.62,0.5646274792926103,1.304911763404896,1,1.0,,,2,20.39,,
2026-01-05 15:59:00+00:00,U1,1,19.18,10.490933333333334,5.4779701738166855,15.931666666666667,2.2144201648889226,12.93,19.18,0.5929812011134246,1.4669001776798183,1,1.0,,,2,20.39,,
2026-01-05 16:00:00+00:00,U1,1,17.58,10.58421052631579,5.501753965941623,16.706666666666667,1.7100604277822087,14.59,19.18,0.15873725701651958,0.5107032003927279,1,-1.0,19.18,,3,19.18,,
2026-01-05 16:01:00+00:00,U1,1,15.93,10.653636363636364,5.499286534846542,16.93,1.4453511684016453,15.38,19.18,-0.18184177050303582,-0.6918733812668232,-1,-1.0,,,3,19.18,,
2026-01-05 16:02:00+00:00,U1,1,15.31,10.713333333333333,5.48884031152009,16.918333333333333,1.4605672414054305,15.31,19.18,-0.2930187875857364,-1.1011703451500898,-1,-1.0,,,3,19.18,,
2026-01-05 16:03:00+00:00,U1,1,14.28,10.758481012658228,5.4682855065408855,16.650000000000002,1.7965299886169475,14.28,19.18,-0.4334082405106919,-1.3192098183813448,-1,-1.0,,,3,19.18,,
2026-01-05 16:04:00+00:00,U1,1,13.6,10.794,5.4428454025398665,15.979999999999999,2.0883390529317842,13.6,19.18,-0.4372712844074881,-1.1396616831250448,-1,-1.0,,,3,19.18,,
2026-01-05 16:05:00+00:00,U1,1,11.81,10.806543209876544,5.409898603600123,14.751666666666665,1.9950881350623861,11.81,17.58,-0.5437563404070226,-1.4744544939989226,-1,-1.0,,,3,19.18,,
2026-01-05 16:06:00+00:00,U1,1,10.37,10.801219512195123,5.376616584975796,13.550000000000002,2.1183672958200774,10.37,15.93,-0.5914500224706498,-1.5011561055888276,-1,-1.0,,,3,19.18,,
2026-01-05 16:07:00+00:00,U1,1,9.38,10.784096385542169,5.346008320813416,12.458333333333334,2.3242841191787966,9.38,15.31,-0.5758190314348318,-1.3244221340809887,-1,-1.0,,,3,19.18,,
2026-01-05 16:08:00+00:00,U1,1,8.78,10.760238095238096,5.318203106311101,11.37,2.2495688475794884,8.78,14.28,-0.48700659757173476,-1.1513317330949047,-1,-1.0,,,3,19.18,,
2026-01-05 16:09:00+00:00,U1,1,7.82,10.72564705882353,5.2960631036420915,10.293333333333333,2.1204685016917355,7.82,13.6,-0.46701356931197185,-1.1664089003727607,-1,-1.0,,,3,19.18,,
2026-01-05 16:10:00+00:00,U1,1,6.83,10.680348837209301,5.281550005927831,9.165000000000001,1.7834657271728398,6.83,11.81,-0.4421050633581575,-1.3092485963839946,-1,-1.0,,,3,19.18,,
2026-01-05 16:11:00+00:00,U1,1,5.23,10.617701149425287,5.2831680288703415,8.068333333333333,1.8534229594636054,5.23,10.37,-0.5372407839052266,-1.5314007624869221,-1,-1.0,,,3,19.18,,
2026-01-05 16:12:00+00:00,U1,1,3.78,10.54,5.303049653942899,6.97,2.1461593603458673,3.78,9.38,-0.6015406621033967,-1.4863761093145995,-1,-1.0,,,3,19.18,,
2026-01-05 16:13:00+00:00,U1,1,1.95,10.443483146067416,5.350873144790906,5.7316666666666665,2.577653325539893,1.95,8.78,-0.7067382395989208,-1.4670966918620025,-1,-1.0,,,3,19.18,,
2026-01-05 16:14:00+00:00,U1,1,0.74,10.335666666666667,5.418148456495929,4.391666666666667,2.7594304967994563,0.74,7.82,-0.6739694742562118,-1.3233406932706138,-1,-1.0,,,3,19.18,,
2026-01-05 16:15:00+00:00,U1,1,1.42,10.237692307692308,5.468423717006386,3.3250000000000006,2.38003991563172,0.74,6.83,-0.3483636416241108,-0.8004067442265429,-1,1.0,,0.74,3,19.18,,
2026-01-05 16:16:00+00:00,U1,1,2.99,10.158913043478261,5.490538606562899,2.685,1.6548444035619345,0.74,5.23,0.05555010571010837,0.18430735804738466,1,1.0,,,3,19.18,,
2026-01-05 16:17:00+00:00,U1,1,4.63,10.099462365591398,5.490631817130488,2.585,1.4790909370286385,0.74,4.63,0.37245258252788055,1.3826059972405904,1,1.0,,,3,19.18,,
2026-01-05 16:18:00+00:00,U1,1,5.97,10.055531914893617,5.477616744341942,2.9499999999999997,2.0084521403310185,0.74,5.97,0.5513346663253655,1.5036454886608677,1,1.0,,,3,19.18,,
2026-01-05 16:19:00+00:00,U1,1,7.63,10.03,5.454082796303717,3.8966666666666665,2.671880735861333,0.74,7.63,0.684502504410723,1.397267955573556,1,1.0,,,3,19.18,,
2026-01-05 16:20:00+00:00,U1,1,8.87,10.017916666666666,5.4265927890570165,5.251666666666666,2.808846145068625,1.42,8.87,0.6667781191597563,1.288192071212548,1,1.0,,,3,19.18,,
2026-01-05 16:21:00+00:00,U1,1,10.15,10.019278350515464,5.398271954875676,6.706666666666666,2.68543975293933,2.99,10.15,0.637858441018953,1.2822232669954545,1,1.0,,,3,19.18,,
2026-01-05 16:22:00+00:00,U1,1,11.29,10.032244897959183,5.371907555493441,8.089999999999998,2.5206983159434526,4.63,11.29,0.5956915615064159,1.2694894822438512,1,1.0,,,3,19.18,,
2026-01-05 16:23:00+00:00,U1,1,11.83,10.050404040404041,5.347482894266545,9.290000000000001,2.2425699543158375,5.97,11.83,0.4749898317063028,1.1326291048855603,1,1.0,,,3,19.18,,
2026-01-05 16:24:00+00:00,U1,1,12.49,10.0748,5.325997128626846,10.376666666666667,1.8589315927883907,7.63,12.49,0.39679580786371826,1.1368537398212384,1,1.0,,,3,19.18,,
2026-01-05 16:25:00+00:00,U1,1,13.04,10.104158415841583,5.30750756331571,11.278333333333334,1.5459161253660456,8.87,13.04,0.3319197656623056,1.1395616086542428,1,1.0,,,3,19.18,,
2026-01-05 16:26:00+00:00,U1,1,14.49,10.147156862745097,5.298991754920441,12.215000000000002,1.496659613940351,10.15,14.49,0.42932695599828413,1.520051706353231,1,1.0,,,3,19.18,,
2026-01-05 16:27:00+00:00,U1,1,15.47,10.19883495145631,5.298971654022973,13.101666666666667,1.600854979898782,11.29,15.47,0.4469420649826081,1.4794177880391626,1,1.0,,,3,19.18,,
2026-01-05 16:28:00+00:00,U1,1,16.73,10.261634615384615,5.311934010617891,14.008333333333335,1.884891685659075,11.83,16.73,0.5123683127889757,1.4439379659712397,1,1.0,,,3,19.18,,
2026-01-05 16:29:00+00:00,U1,1,18.59,10.34095238095238,5.348449905527899,15.135,2.2975791607690073,12.49,18.59,0.6459815574656648,1.5037566752840847,1,1.0,,,3,19.18,,
2026-01-05 16:30:00+00:00,U1,1,17.72,10.41056603773585,5.370955369514046,16.006666666666664,2.0746919450045263,13.04,18.59,0.3189997338384798,0.8258254134830589,1,0.0,18.59,,4,18.59,,
2026-01-05 16:31:00+00:00,U1,1,16.6,10.46841121495327,5.378944827003574,16.6,1.4805674587805802,14.49,18.59,0.0,0.0,0,-1.0,,,4,18.59,,
2026-01-05 16:32:00+00:00,U1,1,14.97,10.510092592592592,5.371245438577532,16.68,1.3510588440182696,14.97,18.59,-0.3183619180234033,-1.2656739619972286,-1,-1.0,,,4,18.59,,
2026-01-05 16:33:00+00:00,U1,1,14.12,10.543211009174312,5.357490063372674,16.455,1.6680857292117772,14.12,18.59,-0.4358384191813243,-1.3998081508097067,-1,-1.0,,,4,18.59,,
2026-01-05 16:34:00+00:00,U1,1,13.51,10.570181818181819,5.340354759514067,15.918333333333335,2.038719369277356,13.51,18.59,-0.4509687917348164,-1.1812971268267256,-1,-1.0,,,4,18.59,,
2026-01-05 16:35:00+00:00,U1,1,12.57,10.588198198198198,5.319412680874766,14.915000000000001,1.9398633972524986,12.57,17.72,-0.4408381414796286,-1.2088480061644093,-1,-1.0,,,4,18.59,,
2026-01-05 16:36:00+00:00,U1,1,11.83,10.599285714285713,5.296697035436281,13.933333333333335,1.713623840481535,11.83,16.6,-0.39710282073176706,-1.2274183421387803,-1,-1.0,,,4,18.59,,
2026-01-05 16:37:00+00:00,U1,1,9.94,10.593451327433629,5.273362774005838,12.823333333333332,1.7958581978170485,9.94,14.97,-0.546773180018307,-1.6055462156411695,-1,-1.0,,,4,18.59,,
2026-01-05 16:38:00+00:00,U1,1,8.23,10.572719298245614,5.2546419908003905,11.700000000000001,2.2380705976353923,8.23,14.12,-0.6603684905794025,-1.5504426016168522,-1,-1.0,,,4,18.59,,
2026-01-05 16:39:00+00:00,U1,1,6.78,10.539739130434782,5.24348575985539,10.476666666666667,2.6235675456650096,6.78,13.51,-0.7050017556963131,-1.4090228676501075,-1,-1.0,,,4,18.59,,
2026-01-05 16:40:00+00:00,U1,1,4.97,10.491724137931033,5.246188558639844,9.053333333333333,2.9455910555721654,4.97,12.57,-0.7783428459902708,-1.386252625125577,-1,-1.0,,,4,18.59,,
2026-01-05 16:41:00+00:00,U1,1,3.26,10.42991452991453,5.266139149733514,7.501666666666668,3.166458063304606,3.26,11.83,-0.8054604229136846,-1.3395619275121375,-1,-1.0,,,4,18.59,,
2026-01-05 16:42:00+00:00,U1,1,2.48,10.362542372881355,5.294411855900388,5.943333333333334,2.8998114881258696,2.48,9.94,-0.6541488323152651,-1.194330509936584,-1,-1.0,,,4,18.59,,
2026-01-05 16:43:00+00:00,U1,1,0.64,10.280840336134455,5.346737256294789,4.3933333333333335,2.820692586345911,0.64,8.23,-0.701985744467709,-1.33064246401825,-1,-1.0,,,4,18.59,,
2026-01-05 16:44:00+00:00,U1,1,0.0,10.195166666666667,5.406307860071524,3.021666666666667,2.5719285889516446,0.0,6.78,-0.5589150201717685,-1.1748641387816845,-1,,,0.0,4,18.59,,
2026-01-05 16:45:00+00:00,U1,2,1.71,1.71,,1.71,,1.71,1.71,,,0,1.0,,,0,,,
2026-01-05 16:46:00+00:00,U1,2,3.56,2.635,1.3081475451951132,2.635,1.3081475451951132,1.71,3.56,0.7071067811865476,0.7071067811865476,1,1.0,,,0,,,
2026-01-05 16:47:00+00:00,U1,2,4.53,3.266666666666667,1.432701411087926,3.266666666666667,1.432701411087926,1.71,4.53,0.8817841062737681,0.8817841062737681,1,1.0,,,0,,,
2026-01-05 16:48:00+00:00,U1,2,5.2,3.75,1.5175199065141347,3.75,1.5175199065141347,1.71,5.2,0.9555064113331909,0.9555064113331909,1,1.0,,,0,,,
2026-01-05 16:49:00+00:00,U1,2,6.04,4.208,1.666124245066976,4.208,1.666124245066976,1.71,6.04,1.0995578543581879,1.0995578543581879,1,1.0,,,0,,,
2026-01-05 16:50:00+00:00,U1,2,7.18,4.703333333333333,1.9216936974103513,4.703333333333333,1.9216936974103513,1.71,7.18,1.288793666755628,1.288793666755628,1,1.0,,,0,,,
2026-01-05 16:51:00+00:00,U1,2,8.91,5.304285714285714,2.367578630463743,5.903333333333333,1.9266828142345247,3.56,8.91,1.269933183202344,1.560540554186249,1,1.0,,,0,,,
2026-01-05 16:52:00+00:00,U1,2,10.7,5.97875,2.9058337259480522,7.093333333333334,2.348647837941369,4.53,10.7,1.2411813637031006,1.5356353593768115,1,1.0,,,0,,,
2026-01-05 16:53:00+00:00,U1,2,11.21,6.56,3.2294039697752277,8.206666666666667,2.4706247522978213,5.2,11.21,0.9299961731149947,1.215616952975179,1,1.0,,,0,,,
2026-01-05 16:54:00+00:00,U1,2,12.47,7.151000000000001,3.5725448445984087,9.418333333333333,2.483831046320719,6.04,12.47,0.8541996810146989,1.2286128201783608,1,1.0,,,0,,,
2026-01-05 16:55:00+00:00,U1,2,13.6,7.737272727272727,3.90738298841844,10.678333333333333,2.3407128543814775,7.18,13.6,0.7477297913530729,1.2481952500913247,1,1.0,,,0,,,
2026-01-05 16:56:00+00:00,U1,2,14.43,8.295,4.196711916380598,11.886666666666665,2.023409663579447,8.91,14.43,0.6060300025375106,1.2569542288505897,1,1.0,,,0,,,
2026-01-05 16:57:00+00:00,U1,2,15.11,8.819230769230769,4.440419389987207,12.92,1.7659898074451146,10.7,15.11,0.4931966572658149,1.240097757511017,1,1.0,,,0,,,
2026-01-05 16:58:00+00:00,U1,2,16.12,9.340714285714286,4.691251209654831,13.823333333333332,1.7893648780130638,11.21,16.12,0.4895637781963186,1.2835094143665768,1,1.0,,,0,,,
2026-01-05 16:59:00+00:00,U1,2,18.03,9.92,5.046724538889414,14.96,1.9556891368517775,12.47,18.03,0.6083153491622086,1.5697791341941052,1,1.0,,,0,,,
2026-01-05 17:00:00+00:00,U1,2,17.05,10.365625,5.1912207539909785,15.723333333333331,1.6610558890858318,13.6,18.03,0.2555596707473356,0.7986887589898047,1,-1.0,18.03,,1,18.03,,
2026-01-05 17:01:00+00:00,U1,2,15.77,10.683529411764706,5.194472953506051,16.084999999999997,1.3041740681366345,14.43,18.03,-0.06064137840729076,-0.24153217557075066,-1,-1.0,,,1,18.03,,
2026-01-05 17:02:00+00:00,U1,2,14.22,10.88,5.107852086853775,16.05,1.359132075995581,14.22,18.03,-0.3582719250445649,-1.3464475103786382,-1,-1.0,,,1,18.03,,
2026-01-05 17:03:00+00:00,U1,2,13.17,11.000526315789473,4.99166357672048,15.726666666666668,1.789957168947548,13.17,18.03,-0.5121872953518227,-1.4283395776279537,-1,-1.0,,,1,18.03,,
2026-01-05 17:04:00+00:00,U1,2,11.21,11.011,4.858754334622252,14.908333333333333,2.5395780489417357,11.21,18.03,-0.7611690319430119,-1.456278666006922,-1,-1.0,,,1,18.03,,
2026-01-05 17:05:00+00:00,U1,2,9.27,10.928095238095239,4.750942663353894,13.448333333333332,2.881099905707315,9.27,17.05,-0.8794745862884542,-1.450256315324666,-1,-1.0,,,1,18.03,,
2026-01-05 17:06:00+00:00,U1,2,8.39,10.812727272727273,4.667916004689869,12.005,2.8851048507809924,8.39,15.77,-0.7744355289101174,-1.2529873910895912,-1,-1.0,,,1,18.03,,
2026-01-05 17:07:00+00:00,U1,2,7.15,10.653478260869566,4.624099527766217,10.568333333333333,2.779600091140211,7.15,14.22,-0.7392430272764137,-1.229793215300662,-1,-1.0,,,1,18.03,,
2026-01-05 17:08:00+00:00,U1,2,6.2,10.467916666666667,4.612919455810723,9.231666666666667,2.5945513420756687,6.2,13.17,-0.6572121398841658,-1.1684743398607411,-1,-1.0,,,1,18.03,,
2026-01-05 17:09:00+00:00,U1,2,5.27,10.26,4.633911234943256,7.915,2.165232089176581,5.27,11.21,-0.5707921161835525,-1.2215780530972415,-1,-1.0,,,1,18.03,,
2026-01-05 17:10:00+00:00,U1,2,4.71,10.04653846153846,4.668931305819517,6.831666666666667,1.7784534479897525,4.71,9.27,-0.45442233515454566,-1.192984089105543,-1,-1.0,,,1,18.03,,
2026-01-05 17:11:00+00:00,U1,2,3.3,9.796666666666667,4.758809644309093,5.836666666666667,1.811161689818618,3.3,8.39,-0.533046466714672,-1.4005743832405742,-1,-1.0,,,1,18.03,,
2026-01-05 17:12:00+00:00,U1,2,2.04,9.519642857142857,4.894517327349538,4.778333333333333,1.8749017752049368,2.04,7.15,-0.5594695350309825,-1.4605209561092973,-1,-1.0,,,1,18.03,,
2026-01-05 17:13:00+00:00,U1,2,1.47,9.242068965517241,5.0333973043706095,3.831666666666667,1.8718698316567355,1.47,6.2,-0.4691993347348083,-1.2616618029344633,-1,-1.0,,,1,18.03,,
2026-01-05 17:14:00+00:00,U1,2,0.55,8.952333333333334,5.194214741576363,2.89,1.8632981511287827,0.55,5.27,-0.45050120497903146,-1.2558376653690297,-1,0.0,,0.55,1,18.03,,
2026-01-05 17:15:00+00:00,U1,2,2.41,8.741290322580646,5.240348424761776,2.413333333333333,1.453418957722309,0.55,4.71,-0.0006360900198128521,-0.002293442861483464,0,1.0,,,1,18.03,,
2026-01-05 17:16:00+00:00,U1,2,3.27,8.5703125,5.245080942439491,2.1733333333333333,1.0654326194868455,0.55,3.3,0.20908479367653118,1.0293158352846985,1,1.0,,,1,18.03,,
2026-01-05 17:17:00+00:00,U1,2,3.99,8.431515151515152,5.223685912033356,2.2883333333333336,1.235093788611457,0.55,3.99,0.3257597595496091,1.3777631159328798,1,1.0,,,1,18.03,,
2026-01-05 17:18:00+00:00,U1,2,5.22,8.33705882352941,5.173332276678136,2.8183333333333334,1.7014630958873622,0.55,5.22,0.46423978554279294,1.4115302720768843,1,1.0,,,1,18.03,,
2026-01-05 17:19:00+00:00,U1,2,7.2,8.30457142857143,5.100308723560786,3.7733333333333334,2.2971170337330697,0.55,7.2,0.6718547547596954,1.4917248953127797,1,1.0,,,1,18.03,,
2026-01-05 17:20:00+00:00,U1,2,8.06,8.297777777777778,5.027084421190654,5.0249999999999995,2.2346968474493267,2.41,8.06,0.6037296662866003,1.3581260489377505,1,1.0,,,1,18.03,,
2026-01-05 17:21:00+00:00,U1,2,9.57,8.332162162162163,4.961182730366227,6.218333333333334,2.459426084814633,3.27,9.57,0.6755781531996206,1.3627840606233472,1,1.0,,,1,18.03,,
2026-01-05 17:22:00+00:00,U1,2,11.21,8.407894736842104,4.915898179126488,7.541666666666667,2.6818159270663315,3.99,11.21,0.7462183307436129,1.3678542573748396,1,1.0,,,1,18.03,,
2026-01-05 17:23:00+00:00,U1,2,12.07,8.501794871794871,4.886100518061881,8.888333333333334,2.567920689325638,5.22,12.07,0.6511668466306348,1.2390050362116927,1,1.0,,,1,18.03,,
2026-01-05 17:24:00+00:00,U1,2,13.66,8.63075,4.891523483249313,10.295,2.4662096423459228,7.2,13.66,0.687924735825804,1.3644419931791056,1,1.0,,,1,18.03,,
2026-01-05 17:25:00+00:00,U1,2,14.72,8.779268292682927,4.922722006290779,11.548333333333334,2.4894771874164023,8.06,14.72,0.6442912402149813,1.2740292149285553,1,1.0,,,1,18.03,,
2026-01-05 17:26:00+00:00,U1,2,16.16,8.955,4.993913002162806,12.898333333333333,2.414600726138111,9.57,16.16,0.6531284516278271,1.3508099419332755,1,1.0,,,1,18.03,,
2026-01-05 17:27:00+00:00,U1,2,17.61,9.156279069767443,5.107587270893136,14.238333333333335,2.4289867572028263,11.21,17.61,0.6601290370271206,1.3880959443967533,1,1.0,,,1,18.03,,
2026-01-05 17:28:00+00:00,U1,2,18.92,9.378181818181817,5.258075637344315,15.523333333333333,2.543215812051096,12.07,18.92,0.6459904537208627,1.3355794072101441,1,1.0,,,1,18.03,,
2026-01-05 17:29:00+00:00,U1,2,19.55,9.604222222222223,5.414633156754224,16.77,2.3368012324543272,13.66,19.55,0.5134235172575309,1.1896604475341641,1,1.0,,,1,18.03,,
2026-01-05 17:30:00+00:00,U1,2,17.8,9.782391304347826,5.488804032769336,17.460000000000004,1.7796291748563995,14.72,19.55,0.06194427747285629,0.19105103737548657,1,-1.0,19.55,,2,19.55,,
2026-01-05 17:31:00+00:00,U1,2,16.82,9.932127659574467,5.525017779302581,17.81,1.2651007864988753,16.16,19.55,-0.17918494374962274,-0.7825463477418197,-1,-1.0,,,2,19.55,,
2026-01-05 17:32:00+00:00,U1,2,16.04,10.059375000000001,5.536564495205891,17.790000000000003,1.296950268900112,16.04,19.55,-0.31608048664751,-1.3493192776652134,-1,-1.0,,,2,19.55,,
2026-01-05 17:33:00+00:00,U1,2,15.48,10.17,5.53304504771107,17.435,1.6098416071154542,15.48,19.55,-0.35333166152492285,-1.2144051882861977,-1,-1.0,,,2,19.55,,
2026-01-05 17:34:00+00:00,U1,2,14.09,10.248399999999998,5.504282696228455,16.63,1.9001894642377266,14.09,19.55,-0.46145885670814324,-1.3367088113073697,-1,-1.0,,,2,19.55,,
2026-01-05 17:35:00+00:00,U1,2,12.58,10.294117647058824,5.45873435018433,15.468333333333334,1.8885382354262024,12.58,17.8,-0.5291214314607195,-1.5294015652701356,-1,-1.0,,,2,19.55,,
2026-01-05 17:36:00+00:00,U1,2,12.05,10.327884615384615,5.410434485303252,14.509999999999998,1.9272156080729619,12.05,16.82,-0.4546769777329843,-1.276452924984232,-1,-1.0,,,2,19.55,,
2026-01-05 17:37:00+00:00,U1,2,10.78,10.336415094339623,5.358518414040763,13.503333333333332,2.052673054011937,10.78,16.04,-0.5082250582917593,-1.3267253292045678,-1,-1.0,,,2,19.55,,
2026-01-05 17:38:00+00:00,U1,2,9.94,10.329074074074073,5.307999754204583,12.486666666666665,2.0556426407979296,9.94,15.48,-0.4797789722294909,-1.2388664333593202,-1,-1.0,,,2,19.55,,
2026-01-05 17:39:00+00:00,U1,2,8.47,10.295272727272728,5.264593422641857,11.318333333333333,2.0055863647987513,8.47,14.09,-0.5410357656648809,-1.4201997896107286,-1,-1.0,,,2,19.55,,
2026-01-05 17:40:00+00:00,U1,2,7.71,10.249107142857143,5.227941112830248,10.255,1.9321361235689354,7.71,12.58,-0.48680731956871937,-1.3171949786327772,-1,-1.0,,,2,19.55,,
2026-01-05 17:41:00+00:00,U1,2,6.18,10.177719298245615,5.209010742914579,9.188333333333334,2.146582555287974,6.18,12.05,-0.5775248855889463,-1.4014524276844098,-1,-1.0,,,2,19.55,,
2026-01-05 17:42:00+00:00,U1,2,5.1,10.090172413793104,5.205986935226783,8.03,2.1685940145633453,5.1,10.78,-0.5628135522534428,-1.3511058226313357,-1,-1.0,,,2,19.55,,
2026-01-05 17:43:00+00:00,U1,2,3.19,9.973220338983051,5.238512042186303,6.765000000000001,2.440317602280481,3.19,9.94,-0.6824456966425083,-1.4649732463754541,-1,-1.0,,,2,19.55,,
2026-01-05 17:44:00+00:00,U1,2,2.49,9.8485,5.283010449240059,5.523333333333333,2.396678256810165,2.49,8.47,-0.5741675816237817,-1.2656406110057166,-1,-1.0,,,2,19.55,,
2026-01-05 17:45:00+00:00,U1,2,3.5,9.744426229508196,5.301484862624232,4.694999999999999,2.0007273677340294,2.49,7.71,-0.2254085470327034,-0.5972827778896356,-1,0.0,,2.49,2,19.55,,
2026-01-05 17:46:00+00:00,U1,2,4.17,9.654516129032258,5.305298210873066,4.1049999999999995,1.3499148121270221,2.49,6.18,0.012251903176108863,0.04815118659049437,0,1.0,,,2,19.55,,
2026-01-05 17:47:00+00:00,U1,2,6.05,9.597301587301587,5.2818982433155,4.083333333333333,1.3104146926322982,2.49,6.05,0.3723408850512369,1.5007971733864804,1,1.0,,,2,19.55,,
2026-01-05 17:48:00+00:00,U1,2,7.87,9.5703125,5.244257318384422,4.545000000000001,2.030386662682736,2.49,7.87,0.6340268598841978,1.6376191102470599,1,1.0,,,2,19.55,,
2026-01-05 17:49:00+00:00,U1,2,8.76,9.557846153846153,5.204095890590558,5.473333333333334,2.5048646004657833,2.49,8.76,0.631553825249307,1.3121135034825857,1,1.0,,,2,19.55,,
2026-01-05 17:50:00+00:00,U1,2,10.25,9.568333333333333,5.164612006674574,6.766666666666667,2.655248889777871,3.5,10.25,0.6744617657302404,1.3118669766677642,1,1.0,,,2,19.55,,
2026-01-05 17:51:00+00:00,U1,2,11.97,9.604179104477613,5.133728383830868,8.178333333333333,2.8177467357210495,4.17,11.97,0.7385795241152332,1.3456378526143147,1,1.0,,,2,19.55,,
2026-01-05 17:52:00+00:00,U1,2,13.31,9.658676470588235,5.115052677516279,9.701666666666666,2.6848643665307637,6.05,13.31,0.7054342468835406,1.3439536753939743,1,1.0,,,2,19.55,,
2026-01-05 17:53:00+00:00,U1,2,14.6,9.730289855072463,5.112031647183664,11.126666666666667,2.6274601170458607,7.87,14.6,0.6794428464164286,1.3219357016305597,1,1.0,,,2,19.55,,
2026-01-05 17:54:00+00:00,U1,2,15.46,9.812142857142858,5.120851914195737,12.391666666666666,2.572480644565992,8.76,15.46,0.5991841562196857,1.1927527384179792,1,1.0,,,2,19.55,,
2026-01-05 17:55:00+00:00,U1,2,16.1,9.900704225352113,5.138615523366375,13.615000000000002,2.221339685865268,10.25,16.1,0.48359329253184585,1.1186942797683952,1,1.0,,,2,19.55,,
2026-01-05 17:56:00+00:00,U1,2,17.95,10.0125,5.189734110804238,14.898333333333333,2.1099328583314407,11.97,17.95,0.5880198487073854,1.4463335430872237,1,1.0,,,2,19.55,,
2026-01-05 17:57:00+00:00,U1,2,19.8,10.146575342465754,5.27934923893142,16.203333333333333,2.3448724201258146,13.31,19.8,0.681270835455216,1.5338432214037843,1,1.0,,,2,19.55,,
2026-01-05 17:58:00+00:00,U1,2,21.25,10.296621621621622,5.399606854543734,17.526666666666667,2.610836392167595,14.6,21.25,0.6895563757943177,1.4261074897313304,1,1.0,,,2,19.55,,
2026-01-05 17:59:00+00:00,U1,2,22.26,10.456133333333334,5.538055296624299,18.803333333333335,2.761960656248876,15.46,22.26,0.624166152471187,1.251526396238134,1,1.0,,,2,19.55,,
2026-01-05 18:00:00+00:00,U1,2,21.23,10.597894736842106,5.638123876087262,19.765,2.3368418859649167,16.1,22.26,0.25983820721170087,0.6269144732464771,1,-1.0,22.26,,3,22.26,,
2026-01-05 18:01:00+00:00,U1,2,19.64,10.715324675324675,5.694908756816218,20.355,1.536160798874936,17.95,22.26,-0.12555073848096662,-0.465446065622594,-1,-1.0,,,3,22.26,,
2026-01-05 18:02:00+00:00,U1,2,17.8,10.806153846153846,5.714392908584979,20.330000000000002,1.58361611509863,17.8,22.26,-0.4427416946075012,-1.597609405384479,-1,-1.0,,,3,22.26,,
2026-01-05 18:03:00+00:00,U1,2,15.97,10.871518987341773,5.70729157747139,19.691666666666666,2.400961612909863,15.97,22.26,-0.6520898075993423,-1.5500733733748306,-1,-1.0,,,3,22.26,,
2026-01-05 18:04:00+00:00,U1,2,14.3,10.914375,5.683994148294673,18.533333333333335,3.079426353505911,14.3,22.26,-0.7447814376451162,-1.3747149135467085,-1,-1.0,,,3,22.26,,
2026-01-05 18:05:00+00:00,U1,2,12.84,10.938148148148148,5.652408360847415,16.963333333333335,3.1984662991294264,12.84,21.23,-0.7294825621401424,-1.2891595370117368,-1,-1.0,,,3,22.26,,
2026-01-05 18:06:00+00:00,U1,2,12.21,10.953658536585367,5.619164190780592,15.46,2.8976059083319106,12.21,19.64,-0.5783778315878901,-1.1216156036453402,-1,-1.0,,,3,22.26,,
2026-01-05 18:07:00+00:00,U1,2,11.47,10.95987951807229,5.585083464226853,14.098333333333334,2.4208875782792227,11.47,17.8,-0.4705987565213899,-1.0856899580614001,-1,-1.0,,,3,22.26,,
2026-01-05 18:08:00+00:00,U1,2,9.62,10.943928571428572,5.5532610668655025,12.735,2.2137999006233477,9.62,15.97,-0.5609316692467763,-1.4070829071421036,-1,-1.0,,,3,22.26,,
2026-01-05 18:09:00+00:00,U1,2,8.21,10.911764705882353,5.528066090947387,11.441666666666668,2.212631163720376,8.21,14.3,-0.5845926248889748,-1.4605537152576566,-1,-1.0,,,3,22.26,,
2026-01-05 18:10:00+00:00,U1,2,7.7,10.874418604651163,5.50635431962899,10.341666666666667,2.147029731202286,7.7,12.84,-0.4797487617623303,-1.2303819682959842,-1,-1.0,,,3,22.26,,
2026-01-05 18:11:00+00:00,U1,2,7.04,10.830344827586208,5.489660990142108,9.375,2.1024438161339476,7.04,12.21,-0.4253450266224099,-1.110612317951823,-1,-1.0,,,3,22.26,,
2026-01-05 18:12:00+00:00,U1,2,5.55,10.770340909090908,5.486968563822482,8.264999999999999,2.0640809092668464,5.55,11.47,-0.4948087397294293,-1.3153554145144226,-1,-1.0,,,3,22.26,,
2026-01-05 18:13:00+00:00,U1,2,5.04,10.705955056179775,5.48941289274618,7.1933333333333325,1.7052819903659615,5.04,9.62,-0.39227024372292896,-1.262743256246562,-1,-1.0,,,3,22.26,,
2026-01-05 18:14:00+00:00,U1,2,4.3,10.634777777777778,5.500093814884826,6.3066666666666675,1.5687914669153697,4.3,8.21,-0.3648422616421658,-1.2791162554015343,-1,-1.0,,,3,22.26,,
2026-01-05 18:15:00+00:00,U1,2,5.62,10.57967032967033,5.494657496261344,5.875,1.2677815269200767,4.3,7.7,-0.046408716134446255,-0.20113875662748598,-1,1.0,,4.3,3,22.26,,
2026-01-05 18:16:00+00:00,U1,2,7.16,10.5425,5.476002116126706,5.785,1.1232408468355304,4.3,7.16,0.2510955932523575,1.2241363941435557,1,1.0,,,3,22.26,,
2026-01-05 18:17:00+00:00,U1,2,8.64,10.52204301075269,5.4497318560162,6.051666666666667,1.5784602201723275,4.3,8.64,0.4749469151360095,1.6397836956896856,1,1.0,,,3,22.26,,
2026-01-05 18:18:00+00:00,U1,2,9.47,10.510851063829787,5.4214390542032005,6.705000000000001,2.065427316561834,4.3,9.47,0.5100121890803727,1.338706028446788,1,1.0,,,3,22.26,,
2026-01-05 18:19:00+00:00,U1,2,11.04,10.51642105263158,5.392797780923649,7.705000000000001,2.5039948083012953,4.3,11.04,0.6184174032627638,1.3318717710371193,1,1.0,,,3,22.26,,
2026-01-05 18:20:00+00:00,U1,2,11.9,10.530833333333334,5.366197843747991,8.971666666666668,2.3548793316572585,5.62,11.9,0.5456998453281131,1.2435173615764434,1,1.0,,,3,22.26,,
2026-01-05 18:21:00+00:00,U1,2,12.89,10.555154639175258,5.3435473379507865,10.183333333333334,2.1465382984392716,7.16,12.89,0.5065299314265371,1.2609449682936753,1,1.0,,,3,22.26,,
2026-01-05 18:22:00+00:00,U1,2,14.51,10.595510204081634,5.33092226647838,11.408333333333333,2.173195036499621,8.64,14.51,0.5818255287964713,1.4272380594346197,1,1.0,,,3,22.26,,
2026-01-05 18:23:00+00:00,U1,2,15.98,10.64989898989899,5.331191331222412,12.631666666666668,2.360977904739182,9.47,15.98,0.628064746752501,1.4181976572555957,1,1.0,,,3,22.26,,
2026-01-05 18:24:00+00:00,U1,2,17.75,10.720899999999999,5.351507121806665,14.011666666666668,2.5552253651423094,11.04,17.75,0.698557107043758,1.4630151157430809,1,1.0,,,3,22.26,,
2026-01-05 18:25:00+00:00,U1,2,19.24,10.805247524752474,5.391735081411065,15.378333333333332,2.8264424046257646,11.9,19.24,0.7162196599718756,1.3662640570162161,1,1.0,,,3,22.26,,
2026-01-05 18:26:00+00:00,U1,2,20.59,10.901176470588236,5.451753699883492,16.826666666666668,2.912748987926476,12.89,20.59,0.6902977538060381,1.292021162459443,1,1.0,,,3,22.26,,
2026-01-05 18:27:00+00:00,U1,2,21.23,11.001456310679613,5.519601684934105,18.21666666666667,2.63514452481581,14.51,21.23,0.5459331135357652,1.1435172928680093,1,1.0,,,3,22.26,,
2026-01-05 18:28:00+00:00,U1,2,22.29,11.110000000000001,5.603170219157575,19.513333333333332,2.3445482862732354,15.98,22.29,0.49555279566076316,1.1843077333588652,1,1.0,,,3,22.26,,
2026-01-05 18:29:00+00:00,U1,2,23.18,11.224952380952383,5.699220277946515,20.713333333333335,1.9902026697466748,17.75,23.18,0.43280774322964566,1.2394047622198383,1,1.0,,,3,22.26,,
2026-01-05 18:30:00+00:00,U1,2,22.32,11.329622641509435,5.773481564883869,21.474999999999998,1.4229371033183937,19.24,23.18,0.14635882881129442,0.5938421297957587,1,-1.0,23.18,,4,23.18,,
2026-01-05 18:31:00+00:00,U1,2,20.36,11.414018691588785,5.812121338416594,21.661666666666665,1.1101966792721056,20.36,23.18,-0.22395724226591615,-1.172464925332056,-1,-1.0,,,4,23.18,,
2026-01-05 18:32:00+00:00,U1,2,19.27,11.486759259259259,5.83408047655522,21.441666666666666,1.4452600688688548,19.27,23.18,-0.37223803740687256,-1.5026130683637724,-1,-1.0,,,4,23.18,,
2026-01-05 18:33:00+00:00,U1,2,17.43,11.541284403669724,5.83484347133942,20.808333333333334,2.194806749275844,17.43,23.18,-0.578992966979767,-1.5392395409973947,-1,-1.0,,,4,23.18,,
2026-01-05 18:34:00+00:00,U1,2,15.98,11.581636363636363,5.823415329949217,19.756666666666664,2.777312849980495,15.98,23.18,-0.6485312231198179,-1.3598275997942353,-1,-1.0,,,4,23.18,,
2026-01-05 18:35:00+00:00,U1,2,14.29,11.606036036036036,5.802581914235839,18.275,2.9516283641407317,14.29,22.32,-0.6867632476197102,-1.3501022176144115,-1,-1.0,,,4,23.18,,
2026-01-05 18:36:00+00:00,U1,2,13.04,11.618839285714285,5.777973981015279,16.728333333333335,2.8372762760553876,13.04,20.36,-0.6383437075784891,-1.299955652701244,-1,-1.0,,,4,23.18,,
2026-01-05 18:37:00+00:00,U1,2,11.67,11.61929203539823,5.75212363219231,15.28,2.83063243816643,11.67,19.27,-0.6275942992247748,-1.2753333676690333,-1,-1.0,,,4,23.18,,
2026-01-05 18:38:00+00:00,U1,2,10.43,11.608859649122808,5.72769838387004,13.806666666666667,2.632129682722085,10.43,17.43,-0.5895329049057139,-1.2828648561018468,-1,-1.0,,,4,23.18,,
2026-01-05 18:39:00+00:00,U1,2,9.64,11.591739130434782,5.705476326021228,12.508333333333333,2.398294532926813,9.64,15.98,-0.5027333686850286,-1.1959887720016178,-1,-1.0,,,4,23.18,,
2026-01-05 18:40:00+00:00,U1,2,8.06,11.561293103448277,5.690072289625975,11.188333333333333,2.2820991798488106,8.06,14.29,-0.5497879770414948,-1.370813924721968,-1,-1.0,,,4,23.18,,
2026-01-05 18:41:00+00:00,U1,2,7.14,11.523504273504274,5.680218900019323,9.996666666666666,2.2040024198413652,7.14,13.04,-0.5029148905963727,-1.2961268286049692,-1,-1.0,,,4,23.18,,
2026-01-05 18:42:00+00:00,U1,2,6.6,11.48177966101695,5.674024127300624,8.923333333333334,1.982490016788628,6.6,11.67,-0.4094683563565746,-1.1719268766340762,-1,-1.0,,,4,23.18,,
2026-01-05 18:43:00+00:00,U1,2,5.13,11.428403361344538,5.679854674554305,7.833333333333333,1.9681429487378586,5.13,10.43,-0.47595114456787796,-1.3735452168588371,-1,-1.0,,,4,23.18,,
2026-01-05 18:44:00+00:00,U1,2,4.37,11.369583333333333,5.692523682458433,6.823333333333333,1.9235037475051961,4.37,9.64,-0.4309746379963782,-1.27545024880525,-1,,,4.37,4,23.18,,
